day,dow,quarter,entry,exit,hold_min,dir,S_entry,strike,width,kauf,iv,delta,gamma,theta_$day,vega_$,cost_$,exit_$,pnl_$,pnl_pct,outcome,reason,und_move_bp,mfe_pct,mae_pct
2023-08-01,Tue,2023Q3,10:05,10:12,7,CALL,4583.56,4585,0.0,38.9,0.06,0.466,0.024,-361.7,109.5,591.0,335.0,-260.0,-44.0,loss,REVERSE,-14.0,0,-43
2023-08-03,Thu,2023Q3,15:08,15:23,15,PUT,4506.62,4505,0.0,46.3,0.083,-0.425,0.0455,-1264.7,40.6,268.0,301.0,30.0,11.0,win,REVERSE,4.1,128,-13
2023-08-09,Wed,2023Q3,12:07,12:21,14,CALL,4471.49,4470,0.0,39.3,0.081,0.535,0.0226,-585.6,86.5,779.0,537.0,-245.0,-31.5,loss,REVERSE,-10.2,2,-31
2023-08-11,Fri,2023Q3,10:00,10:35,35,CALL,4457.08,4455,0.0,30.0,0.099,0.532,0.015,-572.3,107.3,1167.0,1682.0,512.0,43.9,win,REVERSE,21.0,91,-4
2023-08-11,Fri,2023Q3,14:49,15:02,13,CALL,4469.73,4470,0.0,47.8,0.099,0.491,0.0337,-1296.4,47.9,459.0,260.0,-202.0,-44.0,loss,REVERSE,-8.1,6,-43
2023-08-11,Fri,2023Q3,15:24,15:37,13,CALL,4468.35,4470,0.0,28.5,0.099,0.423,0.0465,-1786.2,33.5,260.0,110.0,-154.0,-59.0,loss,STOP,-5.7,32,-58
2023-08-15,Tue,2023Q3,14:24,14:34,10,PUT,4446.52,4445,0.0,49.2,0.081,-0.446,0.0352,-902.5,54.9,376.0,184.0,-196.0,-52.0,loss,STOP,-10.6,0,-51
2023-08-23,Wed,2023Q3,11:21,11:35,14,CALL,4427.33,4425,0.0,46.3,0.069,0.557,0.0242,-450.4,93.1,774.0,673.0,-105.0,-13.5,loss,REVERSE,-3.6,17,-13
2023-08-28,Mon,2023Q3,10:39,11:38,59,PUT,4431.61,4430,0.0,46.9,0.097,-0.473,0.0161,-596.5,100.8,906.0,1153.0,244.0,27.0,win,REVERSE,14.6,77,0
2023-08-31,Thu,2023Q3,13:05,13:47,42,CALL,4514.26,4515,0.0,48.5,0.075,0.48,0.0281,-630.5,75.9,530.0,646.0,112.0,21.2,win,REVERSE,7.8,83,0
2023-09-19,Tue,2023Q3,14:51,15:25,34,PUT,4440.87,4440,0.0,20.2,0.072,-0.458,0.0472,-943.6,46.7,294.0,259.0,-39.0,-13.2,loss,REVERSE,2.8,61,-22
2023-09-22,Fri,2023Q3,11:09,11:18,9,PUT,4348.31,4350,0.0,47.5,0.097,-0.528,0.0173,-614.3,94.2,1006.0,828.0,-181.0,-18.0,loss,REVERSE,-7.5,9,-18
2023-09-27,Wed,2023Q3,10:01,10:22,21,PUT,4280.07,4280,0.0,47.8,0.109,-0.498,0.0142,-610.3,103.2,1120.0,974.0,-150.0,-13.4,loss,REVERSE,-5.5,26,-13
2023-10-02,Mon,2023Q4,13:03,13:11,8,CALL,4267.39,4265,0.0,39.4,0.135,0.54,0.0163,-1066.1,71.9,1097.0,811.0,-289.0,-26.3,loss,REVERSE,-12.4,0,-26
2023-10-17,Tue,2023Q4,10:07,10:53,46,CALL,4349.2,4350,0.0,37.6,0.111,0.49,0.0137,-640.1,104.0,1120.0,1789.0,666.0,59.5,win,REVERSE,29.5,106,0
2023-10-24,Tue,2023Q4,09:59,10:53,54,CALL,4249.18,4250,0.0,37.7,0.108,0.49,0.0143,-601.5,102.7,1074.0,1213.0,136.0,12.7,win,REVERSE,10.2,41,-36
2023-10-24,Tue,2023Q4,12:16,12:58,42,PUT,4235.74,4235,0.0,41.4,0.108,-0.486,0.0182,-761.0,80.6,838.0,1475.0,634.0,75.6,win,REVERSE,28.3,111,-2
2023-10-27,Fri,2023Q4,11:31,12:39,68,PUT,4147.91,4150,0.0,49.8,0.135,-0.527,0.0136,-843.0,86.4,1273.0,1564.0,287.0,22.6,win,REVERSE,18.3,65,-6
2023-10-31,Tue,2023Q4,10:35,10:42,7,PUT,4162.83,4165,0.0,46.2,0.107,-0.533,0.0155,-611.0,95.2,1134.0,945.0,-192.0,-16.9,loss,REVERSE,-8.5,15,-17
2023-10-31,Tue,2023Q4,12:14,12:30,16,PUT,4166.07,4165,0.0,39.4,0.107,-0.479,0.0186,-734.7,79.6,800.0,526.0,-277.0,-34.6,loss,REVERSE,-13.8,15,-34
2023-11-10,Fri,2023Q4,11:33,11:42,9,PUT,4372.7,4375,0.0,49.8,0.08,-0.55,0.0218,-524.2,90.2,844.0,669.0,-178.0,-21.1,loss,REVERSE,-7.2,12,-21
2023-11-14,Tue,2023Q4,13:28,13:42,14,CALL,4496.59,4495,0.0,49.3,0.076,0.548,0.0296,-678.7,70.0,616.0,531.0,-88.0,-14.3,loss,REVERSE,-2.5,23,-14
2023-11-15,Wed,2023Q4,14:46,14:59,13,PUT,4509.35,4510,0.0,37.7,0.076,-0.527,0.0421,-991.1,49.3,410.0,344.0,-69.0,-16.9,loss,REVERSE,-1.4,26,-16
2023-11-24,Fri,2023Q4,10:14,10:57,43,PUT,4555.29,4555,0.0,46.5,0.052,-0.491,0.0285,-314.2,107.8,543.0,422.0,-125.0,-22.9,loss,REVERSE,-4.1,12,-27
2023-11-29,Wed,2023Q4,13:48,14:03,15,CALL,4566.39,4565,0.0,39.6,0.067,0.55,0.0351,-659.8,66.2,523.0,353.0,-173.0,-33.1,loss,REVERSE,-6.3,3,-32
2023-11-30,Thu,2023Q4,13:06,13:17,11,PUT,4541.22,4540,0.0,41.3,0.083,-0.469,0.025,-708.7,76.0,575.0,481.0,-97.0,-16.9,loss,REVERSE,-3.6,11,-16
2023-12-05,Tue,2023Q4,11:13,11:30,17,PUT,4570.86,4570,0.0,47.3,0.091,-0.484,0.0177,-610.9,98.5,857.0,1009.0,148.0,17.3,win,REVERSE,7.6,73,0
2023-12-08,Fri,2023Q4,10:31,10:51,20,PUT,4598.59,4600,0.0,49.9,0.082,-0.525,0.0182,-516.9,105.9,946.0,1092.0,143.0,15.1,win,REVERSE,6.8,59,-8
2023-12-08,Fri,2023Q4,13:42,13:48,6,PUT,4592.87,4595,0.0,39.5,0.082,-0.559,0.0278,-789.9,67.9,678.0,488.0,-193.0,-28.5,loss,REVERSE,-7.6,0,-28
2023-12-15,Fri,2023Q4,15:50,15:55,5,CALL,4714.87,4715,0.0,46.6,0.078,0.486,0.1075,-2882.2,19.0,141.0,936.0,791.0,559.2,win,EOD,20.1,582,0
2023-12-18,Mon,2023Q4,14:44,15:00,16,CALL,4746.61,4745,0.0,49.5,0.043,0.612,0.0676,-557.4,50.6,316.0,181.0,-138.0,-43.7,loss,REVERSE,-4.3,18,-43
2023-12-20,Wed,2023Q4,10:00,10:54,54,CALL,4767.61,4770,0.0,47.6,0.094,0.466,0.0147,-581.1,114.7,962.0,1058.0,93.0,9.6,win,REVERSE,7.7,32,-4
2023-12-27,Wed,2023Q4,13:02,13:55,53,CALL,4776.96,4775,0.0,47.9,0.059,0.565,0.0326,-521.5,80.0,587.0,762.0,172.0,29.4,win,REVERSE,8.1,77,0
2023-12-28,Thu,2023Q4,11:51,12:13,22,CALL,4788.57,4790,0.0,41.7,0.048,0.451,0.0344,-357.3,95.4,392.0,344.0,-51.0,-13.1,loss,REVERSE,-1.3,15,-21
2023-12-29,Fri,2023Q4,15:54,15:55,1,PUT,4765.45,4765,0.0,48.9,0.067,-0.428,0.1584,-3159.9,14.6,78.0,21.0,-60.0,-77.0,loss,STOP,-3.5,0,-73
2024-01-03,Wed,2024Q1,11:40,12:05,25,PUT,4709.74,4710,0.0,47.7,0.091,-0.504,0.0181,-659.0,96.6,892.0,700.0,-195.0,-21.9,loss,REVERSE,-6.7,0,-22
2024-01-04,Thu,2024Q1,15:49,15:55,6,PUT,4695.69,4695,0.0,41.4,0.073,-0.424,0.1085,-2507.7,19.5,112.0,617.0,502.0,447.5,win,EOD,14.6,450,0
2024-01-05,Fri,2024Q1,15:27,15:38,11,PUT,4683.59,4685,0.0,40.4,0.091,-0.571,0.0501,-1817.8,33.7,388.0,150.0,-241.0,-62.1,loss,STOP,-8.3,8,-61
2024-01-08,Mon,2024Q1,12:22,12:34,12,PUT,4724.1,4725,0.0,45.8,0.067,-0.524,0.0268,-528.6,88.6,638.0,459.0,-182.0,-28.6,loss,REVERSE,-7.2,6,-28
2024-01-09,Tue,2024Q1,13:48,14:13,25,CALL,4757.16,4755,0.0,38.6,0.073,0.568,0.0309,-738.9,68.5,623.0,624.0,-2.0,-0.3,loss,REVERSE,1.8,57,-3
2024-01-09,Tue,2024Q1,15:36,15:53,17,PUT,4753.0,4755,0.0,40.6,0.073,-0.644,0.0688,-1641.6,27.7,331.0,181.0,-153.0,-46.4,loss,REVERSE,-1.9,88,-45
2024-01-16,Tue,2024Q1,11:00,11:22,22,PUT,4767.98,4770,0.0,34.3,0.095,-0.531,0.0159,-648.5,104.8,1105.0,539.0,-569.0,-51.5,loss,STOP,-25.6,10,-51
2024-01-17,Wed,2024Q1,15:01,15:32,31,PUT,4728.13,4730,0.0,47.9,0.076,-0.584,0.0443,-1136.7,45.2,453.0,371.0,-86.0,-18.9,loss,REVERSE,0.8,64,-18
2024-01-18,Thu,2024Q1,09:54,10:11,17,PUT,4750.88,4750,0.0,46.7,0.082,-0.484,0.0167,-507.2,115.6,909.0,653.0,-259.0,-28.5,loss,REVERSE,-11.2,0,-28
2024-01-23,Tue,2024Q1,11:05,11:16,11,CALL,4851.27,4850,0.0,42.6,0.053,0.537,0.0283,-368.5,105.6,626.0,455.0,-174.0,-27.8,loss,REVERSE,-6.7,0,-27
2024-01-24,Wed,2024Q1,10:01,10:13,12,PUT,4882.81,4885,0.0,48.8,0.076,-0.538,0.0176,-485.5,117.2,1012.0,748.0,-267.0,-26.4,loss,REVERSE,-10.3,13,-26
2024-01-29,Mon,2024Q1,11:16,11:22,6,CALL,4892.77,4895,0.0,49.0,0.064,0.448,0.0234,-459.0,104.0,569.0,460.0,-111.0,-19.6,loss,REVERSE,-4.9,1,-19
2024-01-31,Wed,2024Q1,12:22,12:28,6,PUT,4884.92,4885,0.0,31.8,0.119,-0.5,0.0146,-975.6,91.8,1095.0,935.0,-163.0,-14.9,loss,REVERSE,-6.2,0,-15
2024-02-01,Thu,2024Q1,10:48,11:22,34,PUT,4870.49,4870,0.0,47.3,0.091,-0.491,0.016,-620.7,109.5,969.0,1519.0,547.0,56.4,win,REVERSE,21.5,104,0
2024-02-07,Wed,2024Q1,10:52,10:55,3,CALL,4993.28,4995,0.0,47.1,0.074,0.468,0.0191,-524.0,111.2,747.0,469.0,-282.0,-37.7,loss,REVERSE,-13.6,0,-37
2024-02-08,Thu,2024Q1,13:16,13:35,19,PUT,4991.62,4990,0.0,49.1,0.053,-0.44,0.0364,-507.9,80.4,356.0,196.0,-163.0,-45.9,loss,REVERSE,-7.3,0,-45
2024-02-14,Wed,2024Q1,11:43,12:10,27,PUT,4967.09,4965,0.0,48.5,0.084,-0.46,0.0187,-640.4,100.8,748.0,813.0,62.0,8.3,win,REVERSE,4.6,61,-26
2024-02-15,Thu,2024Q1,14:03,14:11,8,CALL,5025.74,5025,0.0,39.9,0.069,0.525,0.0334,-790.0,69.0,513.0,390.0,-126.0,-24.6,loss,REVERSE,-4.3,24,-24
2024-02-20,Tue,2024Q1,10:46,11:09,23,CALL,4975.97,4975,0.0,47.8,0.087,0.517,0.0163,-605.3,112.1,1025.0,1064.0,36.0,3.5,win,REVERSE,2.9,35,-4
2024-02-22,Thu,2024Q1,11:48,12:04,16,PUT,5061.65,5060,0.0,37.1,0.073,-0.464,0.0212,-577.1,101.8,669.0,508.0,-164.0,-24.5,loss,REVERSE,-6.3,4,-24
2024-02-29,Thu,2024Q1,11:17,11:29,12,CALL,5084.76,5085,0.0,48.3,0.073,0.496,0.0201,-546.8,108.8,782.0,551.0,-234.0,-30.0,loss,REVERSE,-9.4,1,-30
2024-02-29,Thu,2024Q1,14:59,15:55,56,CALL,5085.29,5085,0.0,44.7,0.073,0.513,0.0432,-1177.4,50.5,383.0,1746.0,1360.0,354.8,win,EOD,33.8,356,-15
2024-03-12,Tue,2024Q1,13:00,13:02,2,CALL,5151.82,5150,0.0,47.0,0.095,0.536,0.019,-897.9,87.6,926.0,590.0,-340.0,-36.7,loss,REVERSE,-13.8,0,-36
2024-03-13,Wed,2024Q1,15:42,15:51,9,CALL,5165.35,5165,0.0,47.8,0.074,0.527,0.0772,-2221.6,27.8,224.0,81.0,-145.0,-65.0,loss,STOP,-3.6,73,-64
2024-03-19,Tue,2024Q1,13:30,13:53,23,CALL,5171.48,5170,0.0,42.5,0.07,0.542,0.0282,-724.8,80.1,638.0,458.0,-183.0,-28.7,loss,REVERSE,-5.2,10,-28
2024-03-20,Wed,2024Q1,15:42,15:52,10,PUT,5217.09,5215,0.0,43.7,0.107,-0.39,0.051,-3131.5,27.1,207.0,102.0,-109.0,-52.5,loss,STOP,-0.7,85,-51
2024-03-28,Thu,2024Q1,12:06,12:29,23,PUT,5251.4,5250,0.0,46.2,0.053,-0.459,0.0291,-451.5,101.7,477.0,366.0,-115.0,-24.1,loss,REVERSE,-3.8,2,-23
2024-04-05,Fri,2024Q2,10:26,10:33,7,PUT,5170.93,5170,0.0,49.5,0.105,-0.487,0.0126,-735.8,120.2,1215.0,867.0,-351.0,-28.9,loss,REVERSE,-14.7,10,-29
2024-04-05,Fri,2024Q2,15:05,15:42,37,CALL,5200.08,5200,0.0,44.4,0.105,0.503,0.0309,-1824.4,49.1,519.0,302.0,-219.0,-42.3,loss,REVERSE,0.2,66,-42
2024-04-08,Mon,2024Q2,13:43,13:55,12,PUT,5205.6,5205,0.0,33.6,0.069,-0.482,0.0299,-757.0,77.5,503.0,343.0,-163.0,-32.4,loss,REVERSE,-6.1,2,-32
2024-04-10,Wed,2024Q2,13:56,14:23,27,CALL,5159.62,5160,0.0,44.4,0.135,0.495,0.0161,-1557.1,73.1,971.0,501.0,-474.0,-48.8,loss,REVERSE,-16.6,17,-48
2024-04-16,Tue,2024Q2,15:16,15:23,7,PUT,5064.31,5065,0.0,47.3,0.147,-0.517,0.0253,-2785.1,42.7,664.0,309.0,-359.0,-54.0,loss,STOP,-14.2,0,-53
2024-04-23,Tue,2024Q2,13:29,14:12,43,CALL,5069.27,5070,0.0,49.2,0.089,0.484,0.0225,-910.7,79.2,670.0,658.0,-15.0,-2.3,loss,REVERSE,3.8,43,-14
2024-04-25,Thu,2024Q2,14:59,15:36,37,CALL,5039.88,5040,0.0,44.0,0.1,0.497,0.0318,-1599.8,50.1,494.0,1197.0,699.0,141.3,win,REVERSE,23.5,251,0
2024-04-29,Mon,2024Q2,15:00,15:20,20,PUT,5102.94,5105,0.0,46.6,0.075,-0.586,0.0414,-1190.0,49.1,487.0,497.0,7.0,1.4,win,REVERSE,2.4,227,0
2024-05-01,Wed,2024Q2,14:00,14:31,31,CALL,5033.71,5035,0.0,42.3,0.166,0.484,0.0137,-1890.0,70.1,1101.0,817.0,-287.0,-26.1,loss,REVERSE,-5.3,49,-37
2024-05-02,Thu,2024Q2,11:27,11:47,20,PUT,5036.85,5035,0.0,41.0,0.108,-0.473,0.0139,-815.0,105.7,1053.0,937.0,-120.0,-11.4,loss,REVERSE,-3.2,20,-11
2024-05-02,Thu,2024Q2,12:09,12:25,16,PUT,5037.68,5040,0.0,42.8,0.108,-0.534,0.0151,-885.0,97.1,1172.0,1107.0,-68.0,-5.8,loss,REVERSE,-1.1,21,-6
2024-05-06,Mon,2024Q2,13:31,15:00,89,CALL,5161.01,5160,0.0,49.9,0.048,0.542,0.0414,-497.2,79.7,435.0,793.0,356.0,81.8,win,REVERSE,12.8,149,0
2024-05-08,Wed,2024Q2,13:01,13:08,7,PUT,5177.28,5175,0.0,30.1,0.053,-0.422,0.0334,-499.9,86.5,363.0,175.0,-191.0,-52.6,loss,STOP,-10.3,0,-52
2024-05-08,Wed,2024Q2,15:17,15:55,38,CALL,5186.49,5185,0.0,46.2,0.053,0.602,0.067,-1007.1,41.8,312.0,394.0,79.0,25.2,win,EOD,4.7,92,0
2024-05-09,Thu,2024Q2,09:58,10:14,16,CALL,5188.74,5190,0.0,42.1,0.052,0.47,0.0242,-352.2,125.3,595.0,679.0,81.0,13.7,win,REVERSE,3.9,67,0
2024-05-13,Mon,2024Q2,11:54,12:15,21,CALL,5224.01,5225,0.0,49.0,0.045,0.467,0.0339,-369.5,103.9,420.0,411.0,-12.0,-2.8,loss,REVERSE,0.5,24,-8
2024-05-14,Tue,2024Q2,10:57,11:23,26,CALL,5227.46,5225,0.0,48.5,0.059,0.558,0.0232,-431.8,114.6,808.0,831.0,19.0,2.4,win,REVERSE,1.7,40,0
2024-05-16,Thu,2024Q2,10:07,10:12,5,PUT,5307.44,5305,0.0,37.7,0.059,-0.448,0.0211,-410.1,125.8,633.0,374.0,-262.0,-41.4,loss,REVERSE,-12.6,0,-41
2024-05-20,Mon,2024Q2,09:50,10:58,68,CALL,5318.32,5320,0.0,27.2,0.047,0.457,0.026,-318.9,129.4,528.0,617.0,85.0,16.1,win,REVERSE,5.6,50,-2
2024-05-22,Wed,2024Q2,12:06,12:32,26,CALL,5318.1,5320,0.0,48.2,0.069,0.459,0.0221,-594.1,103.0,626.0,604.0,-26.0,-4.1,loss,REVERSE,0.8,15,-4
2024-05-24,Fri,2024Q2,11:28,12:00,32,PUT,5307.2,5305,0.0,46.6,0.07,-0.454,0.0204,-552.7,110.7,671.0,769.0,95.0,14.2,win,REVERSE,5.7,45,-17
2024-05-28,Tue,2024Q2,11:02,11:23,21,PUT,5304.26,5305,0.0,45.0,0.066,-0.515,0.0208,-501.2,116.4,804.0,593.0,-214.0,-26.6,loss,REVERSE,-7.3,2,-26
2024-05-29,Wed,2024Q2,11:06,11:24,18,PUT,5274.44,5275,0.0,48.7,0.067,-0.511,0.0207,-510.0,115.0,798.0,755.0,-46.0,-5.8,loss,REVERSE,-0.7,28,-5
2024-05-30,Thu,2024Q2,11:52,12:27,35,CALL,5247.32,5245,0.0,0.0,0.067,0.553,0.0222,-553.1,104.2,832.0,927.0,92.0,11.1,win,REVERSE,4.8,39,-15
2024-06-04,Tue,2024Q2,11:20,11:27,7,CALL,5272.25,5270,0.0,48.4,0.093,0.535,0.0153,-720.7,111.8,1155.0,884.0,-274.0,-23.8,loss,REVERSE,-9.9,1,-23
2024-06-05,Wed,2024Q2,10:23,11:50,87,CALL,5308.58,5310,0.0,7.5,0.057,0.469,0.0225,-407.6,123.6,638.0,1869.0,1227.0,192.4,win,REVERSE,36.1,254,0
2024-06-11,Tue,2024Q2,12:36,13:21,45,CALL,5347.33,5345,0.0,41.2,0.066,0.559,0.0247,-603.4,96.1,761.0,791.0,26.0,3.4,win,REVERSE,3.3,46,-17
2024-06-12,Wed,2024Q2,14:28,14:35,7,CALL,5434.28,5435,0.0,47.1,0.101,0.483,0.0238,-1414.6,66.3,633.0,337.0,-299.0,-47.3,loss,REVERSE,-12.4,2,-47
2024-06-13,Thu,2024Q2,12:00,12:32,32,PUT,5415.54,5415,0.0,36.0,0.073,-0.488,0.0203,-637.2,106.7,758.0,1040.0,278.0,36.7,win,REVERSE,11.2,87,-2
2024-06-20,Thu,2024Q2,12:47,13:01,14,CALL,5478.26,5480,0.0,43.7,0.089,0.469,0.0185,-865.0,96.5,775.0,469.0,-309.0,-39.9,loss,REVERSE,-12.4,12,-39
2024-06-24,Mon,2024Q2,15:21,15:32,11,PUT,5461.97,5460,0.0,47.7,0.079,-0.409,0.0451,-1673.5,42.3,254.0,122.0,-135.0,-53.3,loss,STOP,-4.5,12,-52
2024-06-28,Fri,2024Q2,10:01,10:19,18,CALL,5507.45,5505,0.0,41.1,0.088,0.534,0.0135,-635.3,132.3,1300.0,1740.0,436.0,33.5,win,REVERSE,14.5,75,0
2024-07-02,Tue,2024Q3,12:28,14:34,126,CALL,5478.61,5480,0.0,47.8,0.069,0.469,0.0228,-638.5,101.2,629.0,1665.0,1033.0,164.2,win,REVERSE,32.3,203,-12
2024-07-02,Tue,2024Q3,14:48,14:59,11,CALL,5500.23,5500,0.0,48.8,0.069,0.509,0.0391,-1103.0,59.4,419.0,252.0,-170.0,-40.7,loss,REVERSE,-5.5,0,-40
2024-07-03,Wed,2024Q3,10:27,10:44,17,PUT,5512.26,5510,0.0,32.4,0.06,-0.453,0.0204,-449.4,127.1,665.0,444.0,-224.0,-33.7,loss,REVERSE,-9.1,0,-33
2024-07-05,Fri,2024Q3,13:21,14:01,40,CALL,5558.02,5560,0.0,32.2,0.055,0.436,0.0321,-593.6,88.1,398.0,486.0,85.0,21.4,win,REVERSE,5.7,84,0
2024-07-05,Fri,2024Q3,15:18,15:27,9,PUT,5562.87,5565,0.0,47.0,0.055,-0.632,0.0596,-1106.5,43.4,373.0,205.0,-172.0,-46.0,loss,REVERSE,-4.5,0,-45
2024-07-10,Wed,2024Q3,13:45,14:10,25,CALL,5615.05,5615,0.0,47.6,0.045,0.502,0.0423,-544.0,83.0,379.0,315.0,-67.0,-17.8,loss,REVERSE,-1.0,28,-17
2024-07-15,Mon,2024Q3,10:04,11:25,81,CALL,5643.95,5645,0.0,47.4,0.086,0.487,0.0136,-640.4,135.4,1118.0,2114.0,993.0,88.8,win,REVERSE,32.4,119,-7
2024-07-18,Thu,2024Q3,10:30,10:53,23,PUT,5603.36,5605,0.0,48.5,0.119,-0.516,0.0104,-907.0,129.4,1620.0,2191.0,568.0,35.1,win,REVERSE,19.5,110,0
2024-07-24,Wed,2024Q3,09:54,11:27,93,PUT,5488.14,5490,0.0,45.9,0.085,-0.525,0.014,-603.0,133.3,1230.0,2729.0,1496.0,121.6,win,REVERSE,42.9,159,0
2024-08-05,Mon,2024Q3,14:28,14:38,10,CALL,5205.37,5205,0.0,44.6,0.294,0.505,0.0085,-3952.8,63.5,1884.0,1282.0,-605.0,-32.1,loss,REVERSE,-20.9,5,-32
2024-08-08,Thu,2024Q3,11:40,11:58,18,PUT,5288.83,5290,0.0,48.8,0.142,-0.511,0.0103,-1156.7,108.5,1602.0,1272.0,-334.0,-20.8,loss,REVERSE,-10.9,10,-21
2024-08-09,Fri,2024Q3,15:35,15:37,2,CALL,5347.63,5350,0.0,49.2,0.127,0.414,0.0359,-3300.3,33.2,325.0,151.0,-177.0,-54.4,loss,STOP,-9.0,0,-53
2024-08-13,Tue,2024Q3,14:32,15:05,33,CALL,5423.73,5425,0.0,41.7,0.088,0.465,0.0278,-1258.0,64.5,509.0,420.0,-92.0,-18.0,loss,REVERSE,1.2,58,-17
2024-08-19,Mon,2024Q3,12:19,12:34,15,CALL,5578.02,5580,0.0,38.7,0.066,0.456,0.0226,-614.1,104.9,606.0,546.0,-63.0,-10.4,loss,REVERSE,-1.5,13,-10
2024-08-21,Wed,2024Q3,10:14,10:20,6,PUT,5606.43,5605,0.0,38.4,0.097,-0.481,0.0123,-725.3,132.6,1218.0,873.0,-348.0,-28.6,loss,REVERSE,-13.7,12,-28
2024-08-21,Wed,2024Q3,11:11,11:34,23,CALL,5612.64,5615,0.0,49.6,0.097,0.469,0.0135,-793.0,121.1,1065.0,817.0,-251.0,-23.5,loss,REVERSE,-8.2,3,-23
2024-08-22,Thu,2024Q3,13:31,14:09,38,PUT,5575.03,5575,0.0,32.3,0.117,-0.499,0.0157,-1328.3,86.6,1013.0,1066.0,49.0,4.8,win,REVERSE,6.5,59,-35
2024-09-05,Thu,2024Q3,15:29,15:39,10,CALL,5501.68,5500,0.0,44.9,0.118,0.558,0.0341,-2873.1,38.6,550.0,542.0,-12.0,-2.2,loss,REVERSE,2.2,104,-2
2024-09-06,Fri,2024Q3,11:32,11:42,10,CALL,5431.9,5430,0.0,46.9,0.154,0.519,0.0091,-1263.5,113.0,1835.0,1271.0,-567.0,-30.9,loss,REVERSE,-21.0,2,-31
2024-09-09,Mon,2024Q3,15:04,15:17,13,PUT,5453.79,5455,0.0,32.8,0.089,-0.541,0.0343,-1600.5,51.7,525.0,249.0,-280.0,-53.2,loss,STOP,-8.9,0,-53
2024-09-13,Fri,2024Q3,14:22,14:42,20,PUT,5627.34,5625,0.0,21.8,0.084,-0.437,0.0263,-1176.5,70.0,489.0,558.0,66.0,13.4,win,REVERSE,5.0,90,0
2024-09-13,Fri,2024Q3,15:17,15:55,38,CALL,5622.56,5625,0.0,46.1,0.084,0.403,0.039,-1743.6,45.5,286.0,316.0,27.0,9.5,win,EOD,9.3,41,-49
2024-09-20,Fri,2024Q3,10:52,11:20,28,PUT,5691.25,5690,0.0,49.0,0.083,-0.48,0.0151,-663.5,126.9,988.0,1326.0,335.0,33.9,win,REVERSE,12.7,97,0
2024-09-20,Fri,2024Q3,14:51,15:13,22,CALL,5692.01,5690,0.0,48.3,0.083,0.565,0.0316,-1385.3,59.4,604.0,685.0,78.0,13.0,win,REVERSE,4.7,76,0
2024-09-24,Tue,2024Q3,12:41,12:54,13,CALL,5732.81,5735,0.0,37.6,0.068,0.451,0.0226,-680.5,102.1,596.0,452.0,-147.0,-24.6,loss,REVERSE,-5.1,10,-24
2024-09-26,Thu,2024Q3,15:28,15:45,17,PUT,5741.92,5740,0.0,44.2,0.073,-0.4,0.0508,-1790.6,40.0,217.0,93.0,-127.0,-58.5,loss,STOP,-1.8,0,-57
2024-10-08,Tue,2024Q4,10:14,10:42,28,PUT,5725.67,5725,0.0,49.5,0.069,-0.488,0.0171,-523.4,135.5,896.0,300.0,-600.0,-66.9,loss,STOP,-27.6,9,-67
2024-10-08,Tue,2024Q4,11:15,11:30,15,PUT,5734.74,5735,0.0,50.0,0.069,-0.504,0.0188,-577.8,123.2,858.0,594.0,-267.0,-31.1,loss,REVERSE,-9.3,0,-31
2024-10-14,Mon,2024Q4,11:14,11:24,10,CALL,5852.25,5850,0.0,40.1,0.046,0.562,0.027,-391.7,124.4,701.0,538.0,-166.0,-23.7,loss,REVERSE,-5.0,6,-23
2024-10-16,Wed,2024Q4,11:08,11:11,3,PUT,5816.8,5815,0.0,44.8,0.055,-0.458,0.0228,-461.7,125.8,609.0,424.0,-188.0,-30.8,loss,REVERSE,-7.6,0,-30
2024-10-18,Fri,2024Q4,10:09,10:13,4,CALL,5857.6,5860,0.0,46.0,0.05,0.446,0.0225,-385.8,138.4,587.0,391.0,-199.0,-33.9,loss,REVERSE,-8.4,4,-33
2024-10-24,Thu,2024Q4,10:02,10:16,14,CALL,5815.88,5815,0.0,44.5,0.071,0.515,0.016,-540.5,139.9,1038.0,660.0,-381.0,-36.7,loss,REVERSE,-13.7,2,-36
2024-10-29,Tue,2024Q4,10:42,11:08,26,CALL,5831.88,5830,0.0,43.2,0.068,0.534,0.0176,-551.3,131.9,999.0,750.0,-252.0,-25.2,loss,REVERSE,-7.3,5,-25
2024-10-29,Tue,2024Q4,13:21,13:50,29,PUT,5837.79,5840,0.0,46.7,0.068,-0.554,0.0247,-775.9,92.8,755.0,678.0,-80.0,-10.7,loss,REVERSE,-0.5,19,-21
2024-11-01,Fri,2024Q4,12:10,12:15,5,CALL,5759.69,5760,0.0,47.0,0.095,0.496,0.0151,-891.6,111.2,1036.0,803.0,-237.0,-22.9,loss,REVERSE,-8.4,0,-23
2024-11-04,Mon,2024Q4,13:59,14:33,34,PUT,5723.24,5725,0.0,46.6,0.087,-0.54,0.0228,-1112.8,79.7,786.0,627.0,-162.0,-20.6,loss,REVERSE,-1.8,7,-30
2024-11-07,Thu,2024Q4,11:24,12:03,39,CALL,5965.42,5965,0.0,49.8,0.063,0.509,0.02,-560.6,126.1,815.0,799.0,-19.0,-2.4,loss,REVERSE,1.4,26,-11
2024-11-13,Wed,2024Q4,14:02,15:09,67,PUT,6003.6,6005,0.0,40.1,0.084,-0.531,0.0227,-1150.3,82.7,771.0,1613.0,839.0,108.9,win,REVERSE,23.8,186,0
2024-11-13,Wed,2024Q4,15:50,15:55,5,PUT,5989.2,5990,0.0,42.2,0.084,-0.562,0.0775,-3905.8,23.8,245.0,879.0,630.0,256.9,win,EOD,13.3,258,0
2024-11-18,Mon,2024Q4,14:13,14:41,28,PUT,5891.72,5890,0.0,47.2,0.066,-0.446,0.0307,-926.8,76.9,432.0,479.0,44.0,10.2,win,REVERSE,4.2,89,0
2024-11-27,Wed,2024Q4,10:01,10:43,42,PUT,6010.4,6010,0.0,47.2,0.06,-0.492,0.0183,-472.7,144.9,851.0,1040.0,186.0,21.8,win,REVERSE,7.5,91,-23
2024-12-05,Thu,2024Q4,15:54,15:55,1,PUT,6076.07,6075,0.0,48.4,0.047,-0.314,0.1602,-2555.7,16.9,45.0,145.0,97.0,215.5,win,EOD,3.5,223,0
2024-12-06,Fri,2024Q4,10:50,11:36,46,PUT,6093.71,6095,0.0,46.8,0.048,-0.531,0.0242,-411.5,136.1,723.0,785.0,59.0,8.2,win,REVERSE,3.3,65,-23
2024-12-06,Fri,2024Q4,14:44,14:59,15,CALL,6083.57,6085,0.0,43.0,0.048,0.43,0.0483,-819.5,66.5,258.0,211.0,-51.0,-19.6,loss,REVERSE,-0.6,35,-18
2024-12-10,Tue,2024Q4,13:35,13:44,9,CALL,6053.68,6055,0.0,44.9,0.057,0.461,0.0301,-704.3,92.3,463.0,333.0,-133.0,-28.8,loss,REVERSE,-4.5,1,-28
2024-12-11,Wed,2024Q4,09:53,10:21,28,CALL,6075.23,6075,0.0,36.8,0.042,0.506,0.0255,-332.1,148.1,637.0,574.0,-66.0,-10.4,loss,REVERSE,-1.3,54,-25
2024-12-16,Mon,2024Q4,11:59,12:52,53,CALL,6075.93,6075,0.0,42.0,0.051,0.525,0.0261,-492.2,119.8,657.0,557.0,-103.0,-15.7,loss,REVERSE,-0.9,25,-26
2024-12-16,Mon,2024Q4,15:23,15:55,32,PUT,6082.33,6080,0.0,41.5,0.051,-0.348,0.0617,-1167.8,43.6,140.0,646.0,502.0,358.0,win,EOD,14.5,652,-43
2024-12-19,Thu,2024Q4,11:53,12:56,63,PUT,5903.81,5905,0.0,49.4,0.158,-0.509,0.0085,-1475.1,118.0,1929.0,2394.0,462.0,23.9,win,REVERSE,21.3,63,-15
2024-12-24,Tue,2024Q4,12:14,12:31,17,CALL,6024.33,6025,0.0,27.5,0.072,0.488,0.0191,-717.0,115.2,798.0,731.0,-70.0,-8.8,loss,REVERSE,-1.2,26,-8
2024-12-26,Thu,2024Q4,09:52,09:59,7,PUT,6016.67,6015,0.0,44.6,0.067,-0.472,0.0161,-520.4,146.5,903.0,585.0,-321.0,-35.6,loss,REVERSE,-12.4,48,-35
2024-12-26,Thu,2024Q4,13:34,13:54,20,PUT,6036.31,6035,0.0,46.7,0.067,-0.466,0.0255,-827.9,92.5,559.0,358.0,-204.0,-36.5,loss,REVERSE,-6.3,6,-36
2025-01-03,Fri,2025Q1,11:26,11:59,33,CALL,5916.95,5915,0.0,44.7,0.098,0.527,0.013,-864.3,124.4,1317.0,1860.0,540.0,41.0,win,REVERSE,17.5,70,0
2025-01-03,Fri,2025Q1,13:20,13:52,32,CALL,5933.4,5935,0.0,39.5,0.098,0.474,0.017,-1134.2,95.3,855.0,992.0,133.0,15.6,win,REVERSE,7.7,46,-12
2025-01-06,Mon,2025Q1,10:54,12:00,66,CALL,6013.89,6015,0.0,46.6,0.092,0.487,0.0129,-787.2,133.8,1181.0,1058.0,-127.0,-10.8,loss,REVERSE,0.6,24,-15
2025-01-08,Wed,2025Q1,12:02,12:46,44,PUT,5911.18,5910,0.0,44.0,0.131,-0.486,0.0104,-1247.5,116.0,1465.0,2786.0,1318.0,90.0,win,REVERSE,40.2,146,0
2025-01-10,Fri,2025Q1,10:23,10:52,29,CALL,5833.9,5835,0.0,38.3,0.142,0.493,0.0082,-1116.4,136.3,1875.0,1854.0,-25.0,-1.3,loss,REVERSE,2.2,53,-2
2025-01-10,Fri,2025Q1,12:19,13:30,71,CALL,5817.03,5815,0.0,34.1,0.142,0.522,0.0102,-1372.8,109.9,1662.0,3655.0,1990.0,119.8,win,REVERSE,55.2,158,-18
2025-01-22,Wed,2025Q1,11:26,12:14,48,CALL,6092.88,6095,0.0,30.2,0.049,0.448,0.0248,-448.0,127.2,535.0,566.0,27.0,5.1,win,REVERSE,3.1,64,0
2025-01-23,Thu,2025Q1,12:31,12:45,14,PUT,6091.73,6090,0.0,46.4,0.05,-0.451,0.028,-522.2,111.2,482.0,339.0,-146.0,-30.4,loss,REVERSE,-5.0,1,-30
2025-01-27,Mon,2025Q1,12:47,13:31,44,PUT,5991.13,5990,0.0,48.8,0.125,-0.485,0.012,-1337.7,105.8,1269.0,1307.0,35.0,2.7,win,REVERSE,6.5,39,-4
2025-01-30,Thu,2025Q1,12:42,14:31,109,CALL,6051.98,6050,0.0,50.0,0.109,0.528,0.0134,-1165.6,108.1,1288.0,1989.0,698.0,54.2,win,REVERSE,26.3,90,-22
2025-01-30,Thu,2025Q1,14:48,15:30,42,CALL,6072.22,6070,0.0,49.4,0.109,0.55,0.022,-1928.9,65.1,834.0,1302.0,465.0,55.7,win,REVERSE,16.3,106,0
2025-02-06,Thu,2025Q1,11:10,11:37,27,CALL,6073.55,6075,0.0,47.8,0.076,0.478,0.016,-668.6,131.4,925.0,767.0,-162.0,-17.5,loss,REVERSE,-4.0,14,-17
2025-02-07,Fri,2025Q1,09:53,10:00,7,CALL,6101.2,6100,0.0,41.3,0.151,0.51,0.0071,-1192.3,148.7,2305.0,1452.0,-857.0,-37.2,loss,REVERSE,-30.7,0,-37
2025-02-07,Fri,2025Q1,12:48,13:22,34,CALL,6045.48,6045,0.0,40.6,0.151,0.506,0.0099,-1633.7,106.6,1633.0,1776.0,140.0,8.6,win,REVERSE,9.0,30,-17
2025-02-10,Mon,2025Q1,13:49,14:00,11,CALL,6067.95,6070,0.0,42.8,0.058,0.437,0.0306,-755.8,87.3,418.0,329.0,-92.0,-22.1,loss,REVERSE,-2.7,30,-21
2025-02-11,Tue,2025Q1,14:31,15:16,45,CALL,6066.32,6065,0.0,48.1,0.053,0.555,0.041,-834.3,72.1,454.0,641.0,184.0,40.5,win,REVERSE,7.1,125,-5
2025-02-13,Thu,2025Q1,13:57,14:58,61,CALL,6087.18,6085,0.0,47.0,0.078,0.553,0.0237,-1046.7,85.2,781.0,2075.0,1291.0,165.4,win,REVERSE,30.2,218,0
2025-02-19,Wed,2025Q1,15:05,15:16,11,PUT,6143.2,6145,0.0,46.6,0.054,-0.59,0.0492,-1090.0,56.5,414.0,328.0,-89.0,-21.5,loss,REVERSE,-1.5,43,-21
2025-02-20,Thu,2025Q1,10:15,10:36,21,CALL,6102.9,6105,0.0,49.0,0.074,0.47,0.0148,-603.9,143.8,970.0,861.0,-112.0,-11.5,loss,REVERSE,-2.7,29,-11
2025-02-21,Fri,2025Q1,15:46,15:48,2,PUT,6011.85,6010,0.0,49.0,0.095,-0.393,0.0565,-3639.1,27.6,189.0,89.0,-103.0,-54.5,loss,STOP,-4.3,0,-53
2025-02-24,Mon,2025Q1,15:16,15:24,8,CALL,6012.65,6015,0.0,46.7,0.109,0.433,0.0283,-2425.0,50.0,445.0,199.0,-250.0,-56.1,loss,STOP,-9.5,4,-55
2025-03-03,Mon,2025Q1,14:17,14:31,14,PUT,5899.85,5900,0.0,36.7,0.176,-0.501,0.0119,-2540.3,76.2,1349.0,910.0,-443.0,-32.8,loss,REVERSE,-12.9,10,-33
2025-03-06,Thu,2025Q1,10:39,10:54,15,CALL,5807.48,5805,0.0,47.6,0.193,0.518,0.0062,-1548.7,132.3,2677.0,1790.0,-891.0,-33.3,loss,REVERSE,-30.9,5,-33
2025-03-14,Fri,2025Q1,09:50,09:59,9,CALL,5600.65,5600,0.0,46.6,0.136,0.507,0.0085,-985.3,137.1,1902.0,1367.0,-538.0,-28.3,loss,REVERSE,-19.9,6,-28
2025-03-17,Mon,2025Q1,15:30,15:34,4,CALL,5698.73,5700,0.0,48.6,0.117,0.457,0.034,-3008.9,39.5,405.0,191.0,-218.0,-53.7,loss,STOP,-8.7,0,-53
2025-03-20,Thu,2025Q1,09:53,10:52,59,CALL,5667.24,5665,0.0,45.1,0.124,0.522,0.0093,-908.9,137.9,1827.0,4218.0,2387.0,130.6,win,REVERSE,64.5,163,-7
2025-03-24,Mon,2025Q1,13:02,13:29,27,PUT,5752.12,5750,0.0,44.6,0.072,-0.452,0.0223,-769.9,96.9,607.0,523.0,-87.0,-14.4,loss,REVERSE,-1.1,28,-14
2025-03-26,Wed,2025Q1,10:37,10:47,10,CALL,5757.52,5760,0.0,35.6,0.101,0.471,0.012,-798.4,131.3,1206.0,989.0,-220.0,-18.3,loss,REVERSE,-7.7,1,-18
2025-04-07,Mon,2025Q2,11:38,12:00,22,CALL,5017.04,5015,0.0,40.3,0.861,0.513,0.0018,-6615.7,103.3,8993.0,7965.0,-1031.0,-11.5,loss,REVERSE,-25.8,21,-11
2025-04-08,Tue,2025Q2,11:38,11:49,11,CALL,5195.44,5195,0.0,41.9,0.404,0.506,0.0037,-3217.9,107.0,4346.0,3277.0,-1072.0,-24.7,loss,REVERSE,-40.3,5,-25
2025-04-16,Wed,2025Q2,09:51,10:24,33,PUT,5329.89,5330,0.0,40.6,0.19,-0.498,0.0064,-1310.8,130.3,2486.0,2236.0,-253.0,-10.2,loss,REVERSE,-5.2,27,-10
2025-04-16,Wed,2025Q2,14:37,15:13,36,PUT,5263.86,5265,0.0,45.8,0.19,-0.515,0.0137,-2727.7,61.0,1220.0,2593.0,1370.0,112.3,win,REVERSE,44.4,205,0
2025-04-22,Tue,2025Q2,12:38,13:08,30,PUT,5299.66,5300,0.0,49.2,0.17,-0.502,0.0098,-1570.7,95.9,1644.0,1514.0,-133.0,-8.1,loss,REVERSE,-0.2,30,-8
2025-04-30,Wed,2025Q2,14:29,14:48,19,PUT,5521.59,5520,0.0,44.3,0.178,-0.478,0.0133,-2549.1,66.9,1113.0,1024.0,-92.0,-8.3,loss,REVERSE,1.6,49,-17
2025-05-01,Thu,2025Q2,11:30,12:37,67,PUT,5648.79,5650,0.0,48.3,0.135,-0.511,0.01,-1149.0,118.1,1653.0,2864.0,1208.0,73.1,win,REVERSE,39.6,152,-2
2025-05-02,Fri,2025Q2,14:05,14:47,42,CALL,5694.65,5695,0.0,50.0,0.115,0.495,0.0178,-1517.7,77.7,878.0,643.0,-238.0,-27.1,loss,REVERSE,-1.9,23,-27
2025-05-02,Fri,2025Q2,15:36,15:40,4,PUT,5689.55,5690,0.0,45.6,0.115,-0.517,0.0389,-3316.6,35.4,431.0,198.0,-237.0,-55.0,loss,STOP,-8.3,0,-54
2025-05-08,Thu,2025Q2,11:09,12:26,77,CALL,5654.75,5655,0.0,45.4,0.122,0.499,0.0106,-1001.6,122.8,1482.0,5233.0,3748.0,252.9,win,REVERSE,91.7,290,-1
2025-05-08,Thu,2025Q2,12:43,13:02,19,CALL,5714.05,5715,0.0,29.4,0.122,0.489,0.0128,-1229.6,102.0,1196.0,1161.0,-38.0,-3.2,loss,REVERSE,0.9,21,-3
2025-05-08,Thu,2025Q2,15:20,15:35,15,CALL,5703.45,5705,0.0,38.5,0.122,0.456,0.0283,-2708.5,45.6,485.0,189.0,-299.0,-61.7,loss,STOP,-8.8,61,-61
2025-05-13,Tue,2025Q2,10:41,10:53,12,PUT,5881.76,5880,0.0,41.4,0.082,-0.473,0.0145,-666.3,133.4,1007.0,691.0,-319.0,-31.7,loss,REVERSE,-11.9,15,-31
2025-05-14,Wed,2025Q2,12:19,12:32,13,PUT,5894.63,5895,0.0,49.3,0.098,-0.504,0.0146,-960.8,111.5,1108.0,820.0,-291.0,-26.2,loss,REVERSE,-9.3,0,-26
2025-05-15,Thu,2025Q2,14:55,15:17,22,PUT,5910.85,5910,0.0,47.6,0.093,-0.476,0.0281,-1690.0,60.5,523.0,258.0,-269.0,-51.4,loss,STOP,-6.7,1,-51
2025-05-19,Mon,2025Q2,13:48,14:26,38,PUT,5958.6,5960,0.0,25.8,0.081,-0.531,0.0224,-1041.2,86.9,779.0,995.0,213.0,27.3,win,REVERSE,9.0,82,-18
2025-05-22,Thu,2025Q2,11:43,12:20,37,CALL,5852.83,5855,0.0,48.8,0.116,0.476,0.0115,-1048.4,119.2,1279.0,1439.0,157.0,12.3,win,REVERSE,8.9,48,-13
2025-05-22,Thu,2025Q2,14:39,14:52,13,PUT,5863.87,5865,0.0,40.4,0.116,-0.522,0.0204,-1871.3,67.1,836.0,498.0,-342.0,-40.9,loss,REVERSE,-10.2,13,-40
2025-05-27,Tue,2025Q2,13:45,14:16,31,CALL,5915.59,5915,0.0,37.1,0.064,0.517,0.0282,-812.6,87.4,593.0,781.0,185.0,31.2,win,REVERSE,7.4,71,-8
2025-05-28,Wed,2025Q2,12:36,12:52,16,CALL,5913.65,5915,0.0,47.4,0.074,0.474,0.02,-756.6,107.2,728.0,527.0,-204.0,-28.1,loss,REVERSE,-6.6,0,-28
2025-06-09,Mon,2025Q2,12:22,13:00,38,CALL,6008.92,6010,0.0,43.9,0.057,0.474,0.0247,-574.8,112.7,592.0,843.0,248.0,41.9,win,REVERSE,9.4,97,-16
2025-06-09,Mon,2025Q2,14:22,14:35,13,CALL,6020.29,6020,0.0,46.9,0.057,0.511,0.0368,-860.5,75.8,447.0,311.0,-140.0,-31.3,loss,REVERSE,-3.8,1,-31
2025-06-16,Mon,2025Q2,12:17,12:25,8,CALL,6041.87,6040,0.0,39.8,0.071,0.537,0.0195,-709.0,114.3,911.0,707.0,-207.0,-22.8,loss,REVERSE,-6.3,1,-22
2025-06-17,Tue,2025Q2,10:35,11:06,31,PUT,6014.68,6015,0.0,47.6,0.078,-0.504,0.0149,-641.6,138.0,1086.0,932.0,-157.0,-14.5,loss,REVERSE,-3.5,11,-16
2025-06-26,Thu,2025Q2,14:00,14:05,5,PUT,6135.67,6135,0.0,48.1,0.049,-0.474,0.0377,-683.1,85.4,389.0,218.0,-174.0,-44.8,loss,REVERSE,-6.6,0,-44
2025-07-07,Mon,2025Q3,12:19,12:36,17,PUT,6234.3,6235,0.0,48.1,0.085,-0.51,0.0159,-882.5,117.9,1036.0,1034.0,-5.0,-0.5,loss,REVERSE,1.2,94,0
2025-07-07,Mon,2025Q3,14:07,14:15,8,CALL,6225.1,6225,0.0,46.6,0.085,0.503,0.0223,-1232.8,84.2,719.0,470.0,-253.0,-35.1,loss,REVERSE,-8.1,0,-35
2025-07-09,Wed,2025Q3,12:35,13:00,25,CALL,6242.9,6245,0.0,41.8,0.061,0.452,0.0228,-653.7,112.9,592.0,476.0,-120.0,-20.2,loss,REVERSE,-2.7,10,-20
2025-07-10,Thu,2025Q3,10:15,10:25,10,CALL,6260.6,6260,0.0,42.6,0.048,0.514,0.0225,-399.5,147.9,738.0,488.0,-253.0,-34.3,loss,REVERSE,-8.4,20,-34
2025-07-10,Thu,2025Q3,14:32,15:09,37,PUT,6285.87,6285,0.0,37.9,0.048,-0.461,0.0442,-790.9,74.7,317.0,222.0,-98.0,-30.8,loss,REVERSE,-0.3,35,-30
2025-07-14,Mon,2025Q3,10:46,11:54,68,CALL,6252.75,6255,0.0,48.3,0.055,0.455,0.0204,-478.7,140.1,669.0,1051.0,379.0,56.7,win,REVERSE,13.8,100,-26
2025-07-16,Wed,2025Q3,11:14,11:16,2,CALL,6254.1,6255,0.0,17.7,0.119,0.492,0.0099,-1094.6,134.6,1561.0,795.0,-770.0,-49.3,loss,REVERSE,-30.5,0,-49
2025-07-22,Tue,2025Q3,14:17,14:23,6,PUT,6299.85,6300,0.0,46.0,0.065,-0.504,0.0302,-998.5,81.4,535.0,274.0,-264.0,-49.3,loss,REVERSE,-9.4,0,-49
2025-07-23,Wed,2025Q3,10:57,11:05,8,CALL,6327.88,6330,0.0,48.7,0.058,0.459,0.0194,-523.3,139.4,716.0,624.0,-95.0,-13.2,loss,REVERSE,-2.9,7,-13
2025-08-01,Fri,2025Q3,15:18,15:36,18,CALL,6239.21,6240,0.0,48.1,0.135,0.482,0.023,-3212.5,51.4,654.0,323.0,-334.0,-51.0,loss,STOP,-6.2,14,-51
2025-08-07,Thu,2025Q3,10:00,10:05,5,CALL,6386.03,6385,0.0,41.7,0.105,0.511,0.0098,-879.7,154.1,1677.0,1172.0,-508.0,-30.3,loss,REVERSE,-16.8,0,-30
2025-08-13,Wed,2025Q3,14:57,15:26,29,CALL,6460.58,6460,0.0,37.5,0.062,0.523,0.0395,-1241.6,65.1,431.0,330.0,-105.0,-24.3,loss,REVERSE,0.1,30,-42
2025-08-22,Fri,2025Q3,10:00,10:22,22,CALL,6440.28,6440,0.0,45.4,0.137,0.504,0.0075,-1156.6,155.5,2149.0,2370.0,218.0,10.1,win,REVERSE,8.5,80,0
2025-08-25,Mon,2025Q3,11:36,11:58,22,PUT,6460.92,6460,0.0,47.1,0.049,-0.477,0.0244,-479.9,133.4,606.0,450.0,-159.0,-26.3,loss,REVERSE,-4.5,10,-26
2025-08-26,Tue,2025Q3,10:39,11:56,77,PUT,6440.46,6440,0.0,42.4,0.058,-0.491,0.0188,-513.3,146.8,822.0,650.0,-175.0,-21.3,loss,REVERSE,-2.1,14,-22
2025-08-28,Thu,2025Q3,13:26,15:17,111,CALL,6494.27,6495,0.0,45.5,0.068,0.484,0.0229,-878.7,102.5,659.0,935.0,273.0,41.5,win,REVERSE,14.2,74,0
2025-08-29,Fri,2025Q3,14:34,14:43,9,CALL,6459.21,6460,0.0,49.0,0.074,0.478,0.028,-1285.0,76.1,529.0,370.0,-162.0,-30.7,loss,REVERSE,-4.6,6,-30
2025-09-09,Tue,2025Q3,10:26,10:52,26,PUT,6496.02,6495,0.0,39.7,0.055,-0.48,0.0191,-486.3,150.9,784.0,965.0,178.0,22.7,win,REVERSE,6.3,93,-11
2025-09-10,Wed,2025Q3,10:05,10:33,28,CALL,6552.24,6550,0.0,37.9,0.066,0.535,0.0154,-564.6,156.5,1148.0,835.0,-316.0,-27.5,loss,REVERSE,-8.4,15,-27
2025-09-15,Mon,2025Q3,10:12,10:25,13,PUT,6608.83,6610,0.0,47.5,0.044,-0.527,0.0233,-381.6,156.5,743.0,482.0,-264.0,-35.5,loss,REVERSE,-8.1,1,-35
2025-09-18,Thu,2025Q3,11:46,12:13,27,PUT,6640.54,6640,0.0,29.7,0.069,-0.49,0.0171,-712.2,134.6,901.0,967.0,63.0,7.0,win,REVERSE,3.4,54,-4
2025-09-23,Tue,2025Q3,14:16,14:26,10,PUT,6650.95,6650,0.0,44.7,0.062,-0.471,0.0297,-998.4,86.1,488.0,320.0,-171.0,-35.1,loss,REVERSE,-5.1,30,-34
2025-09-26,Fri,2025Q3,12:17,13:46,89,CALL,6618.22,6620,0.0,49.5,0.085,0.474,0.0149,-931.1,125.5,981.0,2119.0,1135.0,115.7,win,REVERSE,31.7,150,0
2025-09-29,Mon,2025Q3,13:51,14:38,47,CALL,6653.87,6655,0.0,43.2,0.054,0.466,0.0304,-785.7,95.8,467.0,615.0,145.0,30.9,win,REVERSE,7.0,73,0
2025-10-02,Thu,2025Q4,11:37,11:46,9,PUT,6693.41,6695,0.0,43.1,0.061,-0.529,0.0188,-625.9,137.8,928.0,598.0,-334.0,-36.0,loss,REVERSE,-10.2,0,-36
2025-10-03,Fri,2025Q4,10:16,11:03,47,CALL,6734.74,6735,0.0,48.6,0.071,0.497,0.0141,-641.6,159.0,1119.0,1423.0,301.0,26.9,win,REVERSE,10.4,62,-15
2025-10-15,Wed,2025Q4,15:35,15:55,20,PUT,6668.91,6670,0.0,42.8,0.121,-0.533,0.031,-3978.9,42.3,568.0,1457.0,885.0,155.8,win,EOD,20.2,156,-30
2025-10-21,Tue,2025Q4,14:40,15:14,34,PUT,6742.48,6740,0.0,44.8,0.068,-0.424,0.03,-1246.6,75.4,406.0,269.0,-140.0,-34.6,loss,REVERSE,-0.5,13,-34
2025-10-27,Mon,2025Q4,10:17,10:44,27,PUT,6850.21,6850,0.0,44.9,0.045,-0.495,0.0217,-416.6,161.4,722.0,456.0,-270.0,-37.3,loss,REVERSE,-8.0,14,-37
2025-10-27,Mon,2025Q4,13:10,13:33,23,PUT,6857.24,6855,0.0,39.1,0.045,-0.431,0.0304,-583.5,112.1,412.0,352.0,-63.0,-15.3,loss,REVERSE,-0.8,28,-18
2025-10-27,Mon,2025Q4,15:29,15:55,26,CALL,6864.69,6865,0.0,40.2,0.045,0.478,0.072,-1386.6,48.6,206.0,1084.0,875.0,425.6,win,EOD,16.2,480,0
2025-10-28,Tue,2025Q4,14:35,14:52,17,PUT,6902.11,6900,0.0,42.9,0.061,-0.432,0.0319,-1111.0,79.8,393.0,281.0,-116.0,-29.4,loss,REVERSE,-2.2,20,-29
2025-10-29,Wed,2025Q4,12:20,13:09,49,CALL,6906.33,6905,0.0,48.5,0.131,0.514,0.0093,-1507.7,130.3,1769.0,1622.0,-150.0,-8.5,loss,REVERSE,1.5,6,-8
2025-11-03,Mon,2025Q4,12:15,12:25,10,CALL,6859.09,6860,0.0,32.2,0.08,0.487,0.0153,-902.8,130.9,997.0,631.0,-370.0,-37.1,loss,REVERSE,-11.8,4,-37
2025-11-05,Wed,2025Q4,10:21,10:27,6,PUT,6784.87,6785,0.0,49.4,0.08,-0.501,0.0125,-734.9,159.0,1284.0,677.0,-611.0,-47.6,loss,REVERSE,-21.4,0,-47
2025-11-06,Thu,2025Q4,13:23,14:41,78,CALL,6722.07,6720,0.0,39.1,0.134,0.524,0.011,-1785.1,107.0,1545.0,2859.0,1310.0,84.8,win,REVERSE,36.5,143,0
2025-11-14,Fri,2025Q4,11:05,11:13,8,PUT,6727.57,6730,0.0,47.6,0.145,-0.516,0.0074,-1412.1,146.9,2262.0,1561.0,-705.0,-31.2,loss,REVERSE,-21.6,0,-31
2025-11-19,Wed,2025Q4,15:37,15:40,3,CALL,6660.9,6660,0.0,48.7,0.136,0.526,0.0287,-4676.5,40.6,599.0,167.0,-435.0,-72.6,loss,STOP,-16.0,0,-72
2025-12-10,Wed,2025Q4,13:20,14:00,40,PUT,6845.6,6845,0.0,49.7,0.11,-0.491,0.0132,-1473.2,110.2,1179.0,530.0,-653.0,-55.3,loss,STOP,-17.8,31,-55
2025-12-10,Wed,2025Q4,15:51,15:55,4,PUT,6889.9,6890,0.0,42.2,0.11,-0.505,0.0551,-6252.8,26.3,294.0,214.0,-83.0,-28.4,loss,EOD,-0.2,0,-49
2025-12-11,Thu,2025Q4,15:14,15:50,36,PUT,6898.23,6900,0.0,44.2,0.089,-0.553,0.0299,-2216.5,59.0,621.0,202.0,-422.0,-67.9,loss,STOP,-3.9,41,-67
2025-12-17,Wed,2025Q4,15:07,15:16,9,PUT,6733.41,6735,0.0,48.0,0.116,-0.534,0.0219,-2656.4,62.1,807.0,423.0,-388.0,-48.0,loss,REVERSE,-10.5,0,-48
2025-12-18,Thu,2025Q4,11:50,12:33,43,PUT,6807.27,6805,0.0,48.1,0.107,-0.474,0.0108,-1142.1,136.7,1356.0,3518.0,2159.0,159.1,win,REVERSE,50.7,241,-10
2025-12-19,Fri,2025Q4,11:06,11:45,39,CALL,6827.99,6830,0.0,48.1,0.073,0.471,0.0146,-716.9,148.6,986.0,822.0,-167.0,-17.0,loss,REVERSE,-2.9,20,-17
2025-12-22,Mon,2025Q4,10:25,10:35,10,CALL,6867.4,6865,0.0,43.9,0.049,0.549,0.0201,-454.3,158.7,912.0,563.0,-352.0,-38.6,loss,REVERSE,-10.3,0,-38
2025-12-22,Mon,2025Q4,11:58,12:07,9,CALL,6877.1,6875,0.0,42.0,0.049,0.55,0.0236,-535.0,135.1,779.0,720.0,-63.0,-8.1,loss,REVERSE,-1.3,13,-8
2025-12-29,Mon,2025Q4,10:49,11:53,64,PUT,6902.83,6905,0.0,40.0,0.056,-0.539,0.0184,-538.1,154.2,975.0,1048.0,69.0,7.1,win,REVERSE,4.2,42,-7
2025-12-30,Tue,2025Q4,14:04,14:14,10,PUT,6903.63,6905,0.0,43.0,0.043,-0.553,0.039,-673.6,93.8,477.0,312.0,-167.0,-35.1,loss,REVERSE,-4.3,10,-34
2026-01-02,Fri,2026Q1,11:50,12:11,21,PUT,6836.37,6835,0.0,24.9,0.116,-0.485,0.01,-1242.6,137.5,1526.0,1273.0,-257.0,-16.8,loss,REVERSE,-5.8,21,-17
2026-01-07,Wed,2026Q1,10:58,11:25,27,CALL,6952.06,6950,0.0,14.4,0.062,0.535,0.0167,-611.1,153.1,1057.0,811.0,-249.0,-23.5,loss,REVERSE,-5.8,9,-23
2026-01-08,Thu,2026Q1,15:10,15:39,29,CALL,6917.8,6920,0.0,49.7,0.074,0.425,0.0338,-1772.3,61.1,361.0,349.0,-16.0,-4.3,loss,REVERSE,4.5,77,-44
2026-01-09,Fri,2026Q1,11:02,11:28,26,CALL,6952.77,6955,0.0,50.0,0.075,0.47,0.0139,-745.7,152.3,1035.0,1090.0,51.0,5.0,win,REVERSE,3.1,39,-8
2026-01-14,Wed,2026Q1,12:09,12:17,8,CALL,6896.85,6895,0.0,48.7,0.108,0.522,0.0111,-1210.4,133.2,1530.0,1205.0,-328.0,-21.4,loss,REVERSE,-8.9,0,-21
2026-01-14,Wed,2026Q1,13:04,13:32,28,CALL,6895.69,6895,0.0,36.5,0.108,0.51,0.0127,-1388.0,116.4,1288.0,1045.0,-247.0,-19.1,loss,REVERSE,-4.1,13,-19
2026-01-15,Thu,2026Q1,12:45,12:54,9,CALL,6973.04,6975,0.0,47.4,0.07,0.465,0.0183,-864.1,123.4,773.0,584.0,-193.0,-24.9,loss,REVERSE,-5.7,8,-24
2026-01-15,Thu,2026Q1,14:55,15:55,60,PUT,6953.94,6955,0.0,48.8,0.07,-0.533,0.0318,-1493.3,71.1,554.0,1317.0,759.0,137.0,win,EOD,17.4,186,-12
2026-01-20,Tue,2026Q1,11:24,11:29,5,PUT,6853.83,6855,0.0,44.7,0.108,-0.511,0.0101,-1109.4,144.8,1630.0,1223.0,-411.0,-25.2,loss,REVERSE,-12.3,10,-25
2026-01-22,Thu,2026Q1,15:15,15:24,9,CALL,6917.42,6915,0.0,45.6,0.075,0.587,0.0353,-1861.6,57.6,572.0,271.0,-304.0,-53.1,loss,STOP,-7.5,0,-53
2026-01-26,Mon,2026Q1,11:07,11:22,15,PUT,6950.38,6950,0.0,25.8,0.055,-0.492,0.0192,-550.4,151.4,808.0,658.0,-154.0,-19.0,loss,REVERSE,-4.0,22,-19
2026-01-27,Tue,2026Q1,14:22,15:25,63,CALL,6984.43,6985,0.0,27.0,0.045,0.477,0.0404,-781.3,87.8,365.0,181.0,-188.0,-51.3,loss,STOP,-0.9,18,-50
2026-01-28,Wed,2026Q1,10:34,11:06,32,PUT,6985.16,6985,0.0,47.1,0.083,-0.497,0.012,-795.4,160.5,1322.0,1270.0,-55.0,-4.1,loss,REVERSE,0.4,22,-19
2026-01-30,Fri,2026Q1,10:26,10:35,9,PUT,6942.54,6945,0.0,35.4,0.138,-0.516,0.0071,-1298.1,161.3,2351.0,1812.0,-542.0,-23.1,loss,REVERSE,-15.3,21,-23
2026-01-30,Fri,2026Q1,12:21,12:34,13,CALL,6922.02,6920,0.0,47.2,0.138,0.519,0.0088,-1597.7,130.2,1899.0,2043.0,141.0,7.4,win,REVERSE,5.3,41,0
2026-02-02,Mon,2026Q1,09:50,10:30,40,CALL,6959.78,6960,0.0,41.4,0.079,0.498,0.0118,-711.1,170.4,1338.0,1733.0,392.0,29.3,win,REVERSE,12.3,79,-46
2026-02-02,Mon,2026Q1,14:59,15:01,2,PUT,6976.17,6975,0.0,48.5,0.079,-0.466,0.0289,-1748.9,69.1,493.0,209.0,-286.0,-58.1,loss,STOP,-11.0,0,-57
2026-02-03,Tue,2026Q1,11:10,12:50,100,PUT,6941.91,6940,0.0,48.4,0.131,-0.483,0.0081,-1325.9,150.3,1879.0,3923.0,2041.0,108.6,win,REVERSE,53.3,146,-14
2026-02-05,Thu,2026Q1,09:58,10:42,44,PUT,6826.97,6825,0.0,38.1,0.153,-0.486,0.0063,-1359.8,165.2,2428.0,3630.0,1198.0,49.3,win,REVERSE,35.2,112,-1
2026-02-06,Fri,2026Q1,12:29,12:36,7,CALL,6906.75,6905,0.0,34.4,0.116,0.52,0.0107,-1370.4,127.5,1574.0,1375.0,-202.0,-12.8,loss,REVERSE,-5.0,15,-13
2026-02-06,Fri,2026Q1,14:44,14:46,2,PUT,6911.87,6910,0.0,49.3,0.116,-0.466,0.0178,-2279.7,76.4,801.0,627.0,-177.0,-22.1,loss,REVERSE,-5.4,0,-22
2026-02-11,Wed,2026Q1,10:38,11:27,49,CALL,6931.63,6930,0.0,45.4,0.109,0.516,0.0092,-1048.0,158.2,1814.0,2319.0,502.0,27.6,win,REVERSE,16.2,70,-18
2026-02-11,Wed,2026Q1,14:45,15:39,54,PUT,6945.83,6945,0.0,44.1,0.109,-0.484,0.019,-2175.9,76.5,797.0,375.0,-425.0,-53.3,loss,STOP,-0.9,0,-53
2026-02-12,Thu,2026Q1,13:42,14:11,29,CALL,6864.95,6865,0.0,34.9,0.143,0.501,0.0109,-2070.2,102.6,1463.0,980.0,-485.0,-33.2,loss,REVERSE,-10.2,22,-33
2026-02-18,Wed,2026Q1,12:34,12:53,19,PUT,6897.68,6900,0.0,30.6,0.092,-0.531,0.0137,-1094.7,125.6,1280.0,884.0,-399.0,-31.2,loss,REVERSE,-10.3,0,-31
2026-02-20,Fri,2026Q1,15:21,15:41,20,PUT,6899.84,6900,0.0,48.4,0.192,-0.502,0.0151,-5263.9,54.8,1061.0,486.0,-578.0,-54.5,loss,STOP,-8.5,0,-54
2026-03-02,Mon,2026Q1,11:25,11:36,11,PUT,6859.11,6860,0.0,45.0,0.117,-0.507,0.0094,-1205.1,144.7,1745.0,1753.0,5.0,0.3,win,REVERSE,1.2,41,0
2026-03-02,Mon,2026Q1,14:09,14:43,34,CALL,6879.49,6880,0.0,49.0,0.117,0.493,0.0147,-1902.5,92.2,1058.0,1866.0,805.0,76.1,win,REVERSE,23.0,119,0
2026-03-06,Fri,2026Q1,15:01,15:10,9,CALL,6769.46,6770,0.0,45.4,0.158,0.493,0.0152,-3449.6,66.2,1017.0,338.0,-683.0,-67.1,loss,STOP,-24.5,4,-67
2026-03-10,Tue,2026Q1,11:32,11:42,10,PUT,6818.56,6820,0.0,39.6,0.144,-0.51,0.0078,-1490.6,142.0,2122.0,1586.0,-540.0,-25.4,loss,REVERSE,-15.6,3,-25
2026-03-13,Fri,2026Q1,14:11,14:23,12,CALL,6643.69,6645,0.0,43.7,0.137,0.484,0.0131,-2164.1,88.2,1146.0,746.0,-404.0,-35.2,loss,REVERSE,-11.6,9,-35
2026-03-16,Mon,2026Q1,12:41,13:40,59,CALL,6693.22,6695,0.0,38.2,0.117,0.481,0.0113,-1375.9,120.0,1319.0,1377.0,55.0,4.1,win,REVERSE,8.3,41,-4
2026-03-16,Mon,2026Q1,14:04,14:54,50,CALL,6700.74,6700,0.0,41.1,0.117,0.512,0.0148,-1805.4,91.8,1112.0,1208.0,93.0,8.4,win,REVERSE,9.3,42,0
2026-03-17,Tue,2026Q1,14:21,14:53,32,PUT,6725.39,6725,0.0,36.1,0.09,-0.491,0.0208,-1508.8,85.1,747.0,739.0,-11.0,-1.5,loss,REVERSE,3.7,46,-4
2026-03-19,Thu,2026Q1,14:29,14:55,26,PUT,6580.35,6580,0.0,46.3,0.16,-0.495,0.0125,-2736.5,79.9,1260.0,1110.0,-153.0,-12.2,loss,REVERSE,1.4,27,-12
2026-03-23,Mon,2026Q1,11:20,12:37,77,PUT,6636.13,6635,0.0,46.0,0.148,-0.49,0.0076,-1457.7,141.3,2038.0,5266.0,3226.0,158.3,win,REVERSE,76.6,242,-23
2026-03-26,Thu,2026Q1,13:00,13:11,11,CALL,6525.53,6525,0.0,49.2,0.107,0.508,0.0133,-1293.6,111.4,1221.0,826.0,-398.0,-32.6,loss,REVERSE,-12.1,0,-32
2026-03-30,Mon,2026Q1,10:12,10:41,29,CALL,6390.46,6390,0.0,49.0,0.122,0.505,0.0086,-1035.2,151.7,1871.0,1169.0,-705.0,-37.7,loss,REVERSE,-22.0,1,-38
2026-04-06,Mon,2026Q2,09:51,10:04,13,CALL,6600.09,6600,0.0,44.2,0.108,0.502,0.0092,-916.8,161.3,1739.0,1162.0,-581.0,-33.4,loss,REVERSE,-18.6,24,-33
2026-04-08,Wed,2026Q2,12:33,13:06,33,CALL,6778.12,6780,0.0,23.5,0.1,0.477,0.0129,-1162.6,123.9,1145.0,1291.0,143.0,12.5,win,REVERSE,7.2,40,-2
2026-04-08,Wed,2026Q2,13:52,14:18,26,CALL,6781.26,6780,0.0,40.6,0.1,0.521,0.0163,-1479.6,97.5,1037.0,802.0,-238.0,-23.0,loss,REVERSE,-3.9,39,-23
2026-04-14,Tue,2026Q2,15:01,15:34,33,CALL,6953.84,6955,0.0,45.6,0.055,0.451,0.0426,-1216.4,67.5,316.0,929.0,610.0,193.2,win,REVERSE,14.8,330,-7
2026-04-15,Wed,2026Q2,10:14,10:38,24,CALL,6983.13,6985,0.0,36.5,0.071,0.475,0.0136,-656.2,165.0,1076.0,1251.0,172.0,16.0,win,REVERSE,6.1,55,-4
2026-04-15,Wed,2026Q2,11:56,12:09,13,PUT,6993.62,6995,0.0,45.3,0.071,-0.522,0.0162,-782.9,138.8,1052.0,806.0,-249.0,-23.7,loss,REVERSE,-6.5,0,-23
2026-04-24,Fri,2026Q2,09:55,10:12,17,PUT,7114.93,7115,0.0,49.6,0.077,-0.5,0.0119,-712.5,173.0,1337.0,724.0,-616.0,-46.1,loss,REVERSE,-19.7,0,-46
2026-04-24,Fri,2026Q2,12:08,12:58,50,PUT,7156.08,7155,0.0,48.3,0.077,-0.483,0.0149,-898.0,138.6,1016.0,718.0,-301.0,-29.6,loss,REVERSE,-5.5,7,-29
2026-04-24,Fri,2026Q2,15:00,15:21,21,CALL,7160.94,7160,0.0,49.7,0.077,0.528,0.0292,-1764.3,70.4,592.0,669.0,74.0,12.4,win,REVERSE,4.3,65,-6
2026-04-29,Wed,2026Q2,12:08,12:19,11,CALL,7129.57,7130,0.0,27.4,0.077,0.494,0.015,-893.3,138.2,1042.0,685.0,-360.0,-34.5,loss,REVERSE,-10.6,0,-34
2026-04-30,Thu,2026Q2,10:31,10:39,8,CALL,7148.57,7150,0.0,47.9,0.088,0.485,0.011,-859.7,164.9,1381.0,806.0,-578.0,-41.9,loss,REVERSE,-19.0,0,-42
2026-04-30,Thu,2026Q2,15:32,15:39,7,PUT,7211.32,7210,0.0,48.9,0.088,-0.451,0.037,-2952.1,48.2,364.0,178.0,-189.0,-51.9,loss,STOP,-4.8,0,-51
2026-05-04,Mon,2026Q2,13:05,13:35,30,CALL,7195.19,7195,0.0,48.1,0.086,0.504,0.0153,-1155.4,121.1,1046.0,1271.0,222.0,21.2,win,REVERSE,8.0,68,0
2026-05-04,Mon,2026Q2,13:51,14:14,23,CALL,7207.13,7205,0.0,45.0,0.086,0.539,0.0178,-1341.7,103.7,1002.0,926.0,-80.0,-8.0,loss,REVERSE,0.2,28,-8
2026-05-11,Mon,2026Q2,12:41,13:23,42,PUT,7419.49,7420,0.0,44.3,0.058,-0.51,0.0204,-762.9,133.2,805.0,893.0,86.0,10.6,win,REVERSE,4.3,56,-7
2026-05-12,Tue,2026Q2,10:15,10:27,12,CALL,7383.3,7385,0.0,49.3,0.082,0.482,0.0112,-803.1,174.3,1339.0,822.0,-520.0,-38.8,loss,REVERSE,-16.0,1,-39
2026-05-13,Wed,2026Q2,14:35,15:05,30,PUT,7452.91,7455,0.0,45.5,0.067,-0.557,0.0271,-1321.9,86.6,693.0,595.0,-101.0,-14.6,loss,REVERSE,0.3,42,-14
2026-05-14,Thu,2026Q2,13:38,14:00,22,CALL,7498.1,7500,0.0,49.7,0.07,0.463,0.0198,-1095.1,113.2,710.0,480.0,-233.0,-32.8,loss,REVERSE,-5.3,36,-32
2026-05-20,Wed,2026Q2,13:52,14:07,15,PUT,7416.17,7415,0.0,49.5,0.114,-0.484,0.0131,-1854.8,106.7,1161.0,816.0,-348.0,-30.0,loss,REVERSE,-8.3,1,-30
2026-05-26,Tue,2026Q2,10:08,10:55,47,CALL,7530.41,7530,0.0,15.4,0.061,0.507,0.0146,-605.7,179.8,1114.0,1109.0,-8.0,-0.8,loss,REVERSE,1.8,39,-2
2026-05-29,Fri,2026Q2,14:45,15:05,20,PUT,7573.19,7575,0.0,36.0,0.071,-0.548,0.0266,-1535.8,82.9,690.0,380.0,-313.0,-45.4,loss,REVERSE,-6.1,10,-45
2026-06-02,Tue,2026Q2,12:49,13:16,27,CALL,7613.57,7615,0.0,44.0,0.043,0.461,0.0276,-583.4,133.3,506.0,342.0,-167.0,-33.0,loss,REVERSE,-3.8,25,-32
2026-06-05,Fri,2026Q2,13:11,13:23,12,PUT,7443.91,7445,0.0,48.3,0.126,-0.51,0.0102,-1793.7,123.1,1610.0,1117.0,-497.0,-30.9,loss,REVERSE,-12.8,9,-31
2026-06-11,Thu,2026Q2,10:52,11:07,15,PUT,7286.74,7285,0.0,44.5,0.213,-0.49,0.0046,-2194.9,162.7,3381.0,3558.0,173.0,5.1,win,REVERSE,7.2,45,0
2026-06-11,Thu,2026Q2,12:50,13:27,37,PUT,7291.95,7290,0.0,37.3,0.213,-0.487,0.0058,-2795.9,127.8,2629.0,2900.0,268.0,10.2,win,REVERSE,14.5,47,0
2026-06-12,Fri,2026Q2,10:00,10:43,43,CALL,7392.5,7390,0.0,50.0,0.163,0.516,0.0055,-1575.4,178.4,3037.0,2925.0,-115.0,-3.8,loss,REVERSE,1.7,54,-4
2026-06-17,Wed,2026Q2,09:57,10:14,17,PUT,7513.48,7515,0.0,49.8,0.177,-0.505,0.0049,-1729.9,182.2,3297.0,2774.0,-527.0,-16.0,loss,REVERSE,-12.4,6,-16
2026-06-18,Thu,2026Q2,11:52,12:51,59,CALL,7490.76,7490,0.0,43.2,0.1,0.509,0.0106,-1183.1,150.1,1543.0,1546.0,-0.0,-0.0,loss,REVERSE,4.9,29,-9
2026-06-22,Mon,2026Q2,13:50,14:01,11,CALL,7477.13,7475,0.0,23.0,0.094,0.534,0.0155,-1527.8,108.1,1132.0,987.0,-149.0,-13.1,loss,REVERSE,-2.6,17,-13
2026-06-23,Tue,2026Q2,15:48,15:49,1,PUT,7368.35,7370,0.0,45.8,0.113,-0.571,0.0427,-5872.6,32.0,456.0,184.0,-274.0,-60.2,loss,STOP,-7.8,0,-60
2026-07-01,Wed,2026Q3,12:39,13:19,40,PUT,7513.29,7515,0.0,41.9,0.072,-0.527,0.0162,-949.7,135.2,1069.0,1241.0,169.0,15.8,win,REVERSE,6.4,74,-7
2026-07-06,Mon,2026Q3,12:27,12:47,20,PUT,7534.18,7535,0.0,45.1,0.064,-0.514,0.0176,-825.2,139.8,944.0,750.0,-197.0,-20.9,loss,REVERSE,-4.1,8,-21
2026-07-06,Mon,2026Q3,13:20,13:50,30,PUT,7537.0,7535,0.0,46.9,0.064,-0.459,0.0202,-947.9,120.7,686.0,852.0,162.0,23.7,win,REVERSE,6.3,98,-10
2026-07-07,Tue,2026Q3,09:58,10:55,57,PUT,7509.41,7510,0.0,31.4,0.074,-0.506,0.0118,-725.4,181.8,1377.0,2219.0,840.0,61.0,win,REVERSE,21.0,129,-22
2026-07-08,Wed,2026Q3,10:35,11:35,60,PUT,7452.55,7455,0.0,44.3,0.097,-0.522,0.0096,-993.7,170.7,1784.0,2672.0,884.0,49.6,win,REVERSE,22.9,102,-3
2026-07-10,Fri,2026Q3,11:15,11:39,24,CALL,7550.44,7550,0.0,47.7,0.09,0.506,0.0109,-1001.9,162.2,1486.0,1411.0,-78.0,-5.3,loss,REVERSE,-0.3,31,-5
2026-07-13,Mon,2026Q3,11:15,12:41,86,PUT,7545.44,7545,0.0,46.3,0.09,-0.494,0.0109,-995.6,162.1,1433.0,2322.0,886.0,61.8,win,REVERSE,24.5,114,-20
2026-07-14,Tue,2026Q3,12:31,12:48,17,CALL,7536.25,7535,0.0,46.5,0.083,0.518,0.0138,-1071.4,138.5,1213.0,1228.0,12.0,1.0,win,REVERSE,1.6,31,-8
2026-07-20,Mon,2026Q3,09:51,10:29,38,PUT,7497.74,7500,0.0,44.0,0.09,-0.521,0.0097,-866.1,183.0,1757.0,2558.0,798.0,45.4,win,REVERSE,19.8,99,0
2026-07-22,Wed,2026Q3,09:57,10:13,16,CALL,7512.6,7515,0.0,49.2,0.057,0.464,0.0154,-550.6,181.4,914.0,701.0,-216.0,-23.7,loss,REVERSE,-5.9,36,-23
2026-07-22,Wed,2026Q3,15:11,15:43,32,PUT,7505.62,7505,0.0,46.2,0.057,-0.474,0.042,-1500.2,66.7,348.0,326.0,-25.0,-7.2,loss,REVERSE,3.3,90,-23
2026-07-27,Mon,2026Q3,12:03,12:14,11,CALL,7401.31,7400,0.0,49.6,0.11,0.514,0.01,-1307.8,144.9,1657.0,1453.0,-207.0,-12.5,loss,REVERSE,-4.5,27,-12
2026-07-27,Mon,2026Q3,12:50,13:32,42,PUT,7400.05,7400,0.0,44.4,0.11,-0.498,0.0112,-1461.3,129.8,1421.0,1679.0,254.0,17.9,win,REVERSE,10.5,63,0
2026-07-28,Tue,2026Q3,14:14,14:46,32,PUT,7428.19,7430,0.0,36.9,0.104,-0.528,0.0156,-1865.4,97.1,1110.0,583.0,-530.0,-47.7,loss,REVERSE,-10.5,0,-47
2026-08-03,Mon,2026Q3,11:45,12:51,66,CALL,7583.08,7585,0.0,42.5,0.056,0.465,0.0184,-656.3,153.5,769.0,808.0,36.0,4.7,win,REVERSE,4.2,40,-7
2026-08-04,Tue,2026Q3,09:52,10:24,32,CALL,7655.52,7655,0.0,49.7,0.067,0.507,0.0127,-661.3,186.9,1274.0,1953.0,676.0,53.0,win,REVERSE,16.3,105,-11
2026-08-07,Fri,2026Q3,14:12,14:50,38,PUT,7742.05,7740,0.0,41.5,0.076,-0.458,0.0203,-1398.7,101.8,681.0,759.0,75.0,11.0,win,REVERSE,5.9,56,-1
