timestamp,symbol,spot,gflip,strike,oi_call,oi_put,iv,T
2026-08-17 09:40:05,SPX,7777.03,7777.51,7775.0,1645,3401,0.1193,0.000722
2026-08-17 09:40:05,SPX,7777.03,7777.51,7780.0,1437,1252,0.1165,0.000722
2026-08-17 09:40:05,SPX,7777.03,7777.51,7770.0,804,1003,0.1232,0.000722
2026-08-17 09:40:05,SPX,7777.03,7777.51,7785.0,2093,1209,0.1142,0.000722
2026-08-17 09:40:05,SPX,7777.03,7777.51,7765.0,313,873,0.1221,0.000722
2026-08-17 09:40:05,SPX,7777.03,7777.51,7790.0,1218,827,0.1122,0.000722
2026-08-17 09:40:05,SPX,7777.03,7777.51,7760.0,496,0,0.1316,0.000722
2026-08-17 09:40:05,SPX,7777.03,7777.51,7795.0,0,533,0.111,0.000722
2026-08-17 09:40:05,SPX,7777.03,7777.51,7755.0,662,5404,0.1362,0.000722
2026-08-17 09:40:05,SPX,7777.03,7777.51,7800.0,3985,0,0.1122,0.000722
2026-08-17 09:40:05,SPX,7777.03,7777.51,7750.0,1111,3857,0.15,0.000722
2026-08-17 09:40:05,SPX,7777.03,7777.51,7805.0,2289,471,0.1133,0.000722
2026-08-17 09:40:05,SPX,7777.03,7777.51,7745.0,276,1546,0.1461,0.000722
2026-08-17 09:40:05,SPX,7777.03,7777.51,7810.0,2761,721,0.15,0.000722
2026-08-17 09:40:05,SPX,7777.03,7777.51,7740.0,0,5559,0.15,0.000722
2026-08-17 09:40:05,SPX,7777.03,7777.51,7815.0,967,156,0.15,0.000722
2026-08-17 09:40:05,SPX,7777.03,7777.51,7735.0,174,1236,0.15,0.000722
2026-08-17 09:40:05,SPX,7777.03,7777.51,7820.0,1607,0,0.15,0.000722
2026-08-17 09:40:05,SPX,7777.03,7777.51,7730.0,0,2195,0.15,0.000722
2026-08-17 09:40:05,SPX,7777.03,7777.51,7825.0,2972,151,0.15,0.000722
2026-08-17 09:40:05,SPX,7777.03,7777.51,7725.0,2616,2369,0.15,0.000722
2026-08-17 09:40:05,SPX,7777.03,7777.51,7830.0,1420,66,0.1334,0.000722
2026-08-17 09:40:05,SPX,7777.03,7777.51,7720.0,264,1962,0.1763,0.000722
2026-08-17 09:40:05,SPX,7777.03,7777.51,7835.0,1217,81,0.1384,0.000722
2026-08-17 09:40:05,SPX,7777.03,7777.51,7715.0,94,947,0.1823,0.000722
2026-08-17 09:40:05,SPX,7777.03,7777.51,7840.0,1401,63,0.1436,0.000722
2026-08-17 09:40:05,SPX,7777.03,7777.51,7710.0,226,1518,0.189,0.000722
2026-08-17 09:40:05,SPX,7777.03,7777.51,7845.0,1403,25,0.1493,0.000722
2026-08-17 09:40:05,SPX,7777.03,7777.51,7705.0,75,1364,0.1946,0.000722
2026-08-17 09:40:05,SPX,7777.03,7777.51,7850.0,10101,92,0.1552,0.000722
2026-08-17 09:40:05,SPX,7777.03,7777.51,7700.0,1049,6379,0.2006,0.000722
2026-08-17 09:40:05,SPX,7777.03,7777.51,7855.0,2687,27,0.1615,0.000722
2026-08-17 09:40:05,SPX,7777.03,7777.51,7695.0,105,983,0.2064,0.000722
2026-08-17 09:40:05,SPX,7777.03,7777.51,7860.0,1811,255,0.1682,0.000722
2026-08-17 09:40:05,SPX,7777.03,7777.51,7690.0,183,1020,0.2125,0.000722
2026-08-17 09:40:05,SPX,7777.03,7777.51,7865.0,1240,8,0.1751,0.000722
2026-08-17 09:40:05,SPX,7777.03,7777.51,7685.0,320,2236,0.2199,0.000722
2026-08-17 09:40:05,SPX,7777.03,7777.51,7870.0,1140,96,0.182,0.000722
2026-08-17 09:40:05,SPX,7777.03,7777.51,7680.0,69,1564,0.2279,0.000722
2026-08-17 09:40:05,SPX,7777.03,7777.51,7875.0,6318,12,0.1891,0.000722
2026-08-17 09:40:05,SPX,7777.03,7777.51,7675.0,815,2227,0.2356,0.000722
2026-08-17 09:40:05,SPX,7777.03,7777.51,7880.0,2453,13,0.1961,0.000722
2026-08-17 09:40:05,SPX,7777.03,7777.51,7670.0,103,2030,0.2426,0.000722
2026-08-17 09:40:05,SPX,7777.03,7777.51,7885.0,1540,8,0.203,0.000722
2026-08-17 09:40:05,SPX,7777.03,7777.51,7665.0,17,1281,0.249,0.000722
2026-08-17 09:40:05,SPX,7777.03,7777.51,7890.0,4178,9,0.2097,0.000722
2026-08-17 09:40:05,SPX,7777.03,7777.51,7660.0,271,1528,0.255,0.000722
2026-08-17 09:40:05,SPX,7777.03,7777.51,7895.0,1439,5,0.2162,0.000722
2026-08-17 09:40:05,SPX,7777.03,7777.51,7655.0,245,1006,0.2609,0.000722
2026-08-17 09:40:05,SPX,7777.03,7777.51,7900.0,10546,16,0.2224,0.000722
2026-08-17 09:40:05,SPX,7777.03,7777.51,7775.0,418,507,0.095,0.00346
2026-08-17 09:40:05,SPX,7777.03,7777.51,7780.0,370,443,0.0944,0.00346
2026-08-17 09:40:05,SPX,7777.03,7777.51,7770.0,169,456,0.0971,0.00346
2026-08-17 09:40:05,SPX,7777.03,7777.51,7785.0,224,231,0.0933,0.00346
2026-08-17 09:40:05,SPX,7777.03,7777.51,7765.0,69,200,0.0973,0.00346
2026-08-17 09:40:05,SPX,7777.03,7777.51,7790.0,500,192,0.0927,0.00346
2026-08-17 09:40:05,SPX,7777.03,7777.51,7760.0,350,362,0.0998,0.00346
2026-08-17 09:40:05,SPX,7777.03,7777.51,7795.0,369,171,0.0924,0.00346
2026-08-17 09:40:05,SPX,7777.03,7777.51,7755.0,264,171,0.1003,0.00346
2026-08-17 09:40:05,SPX,7777.03,7777.51,7800.0,1620,1370,0.0911,0.00346
2026-08-17 09:40:05,SPX,7777.03,7777.51,7750.0,513,1046,0.103,0.00346
2026-08-17 09:40:05,SPX,7777.03,7777.51,7805.0,378,132,0.0912,0.00346
2026-08-17 09:40:05,SPX,7777.03,7777.51,7745.0,169,163,0.1034,0.00346
2026-08-17 09:40:05,SPX,7777.03,7777.51,7810.0,495,185,0.0907,0.00346
2026-08-17 09:40:05,SPX,7777.03,7777.51,7740.0,321,377,0.1049,0.00346
2026-08-17 09:40:05,SPX,7777.03,7777.51,7815.0,639,56,0.0905,0.00346
2026-08-17 09:40:05,SPX,7777.03,7777.51,7735.0,109,362,0.1081,0.00346
2026-08-17 09:40:05,SPX,7777.03,7777.51,7820.0,371,110,0.0902,0.00346
2026-08-17 09:40:05,SPX,7777.03,7777.51,7730.0,634,566,0.1095,0.00346
2026-08-17 09:40:05,SPX,7777.03,7777.51,7825.0,513,153,0.09,0.00346
2026-08-17 09:40:05,SPX,7777.03,7777.51,7725.0,293,1209,0.1107,0.00346
2026-08-17 09:40:05,SPX,7777.03,7777.51,7830.0,381,103,0.0899,0.00346
2026-08-17 09:40:05,SPX,7777.03,7777.51,7720.0,97,397,0.1125,0.00346
2026-08-17 09:40:05,SPX,7777.03,7777.51,7835.0,342,59,0.0903,0.00346
2026-08-17 09:40:05,SPX,7777.03,7777.51,7715.0,53,299,0.1153,0.00346
2026-08-17 09:40:05,SPX,7777.03,7777.51,7840.0,699,54,0.0912,0.00346
2026-08-17 09:40:05,SPX,7777.03,7777.51,7710.0,79,618,0.1168,0.00346
2026-08-17 09:40:05,SPX,7777.03,7777.51,7845.0,527,16,0.0923,0.00346
2026-08-17 09:40:05,SPX,7777.03,7777.51,7705.0,63,239,0.1186,0.00346
2026-08-17 09:40:05,SPX,7777.03,7777.51,7850.0,1087,56,0.0934,0.00346
2026-08-17 09:40:05,SPX,7777.03,7777.51,7700.0,343,1140,0.1215,0.00346
2026-08-17 09:40:05,SPX,7777.03,7777.51,7855.0,487,22,0.0945,0.00346
2026-08-17 09:40:05,SPX,7777.03,7777.51,7695.0,61,319,0.1238,0.00346
2026-08-17 09:40:05,SPX,7777.03,7777.51,7860.0,499,12,0.0954,0.00346
2026-08-17 09:40:05,SPX,7777.03,7777.51,7690.0,89,378,0.1259,0.00346
2026-08-17 09:40:05,SPX,7777.03,7777.51,7865.0,382,1,0.0966,0.00346
2026-08-17 09:40:05,SPX,7777.03,7777.51,7685.0,20,301,0.1268,0.00346
2026-08-17 09:40:05,SPX,7777.03,7777.51,7870.0,886,2,0.098,0.00346
2026-08-17 09:40:05,SPX,7777.03,7777.51,7680.0,51,267,0.1294,0.00346
2026-08-17 09:40:05,SPX,7777.03,7777.51,7875.0,716,4,0.0997,0.00346
2026-08-17 09:40:05,SPX,7777.03,7777.51,7675.0,192,482,0.1331,0.00346
2026-08-17 09:40:05,SPX,7777.03,7777.51,7880.0,1205,6,0.1018,0.00346
2026-08-17 09:40:05,SPX,7777.03,7777.51,7670.0,57,260,0.134,0.00346
2026-08-17 09:40:05,SPX,7777.03,7777.51,7885.0,406,5,0.1042,0.00346
2026-08-17 09:40:05,SPX,7777.03,7777.51,7665.0,14,210,0.1369,0.00346
2026-08-17 09:40:05,SPX,7777.03,7777.51,7890.0,402,4,0.1069,0.00346
2026-08-17 09:40:05,SPX,7777.03,7777.51,7660.0,49,479,0.1388,0.00346
2026-08-17 09:40:05,SPX,7777.03,7777.51,7895.0,2236,0,0.1097,0.00346
2026-08-17 09:40:05,SPX,7777.03,7777.51,7655.0,15,178,0.1403,0.00346
2026-08-17 09:40:05,SPX,7777.03,7777.51,7900.0,2274,2,0.1126,0.00346
2026-08-17 09:40:05,SPX,7777.03,7777.51,7775.0,664,362,0.0955,0.006198
2026-08-17 09:40:05,SPX,7777.03,7777.51,7780.0,455,434,0.0937,0.006198
2026-08-17 09:40:05,SPX,7777.03,7777.51,7770.0,353,205,0.0957,0.006198
2026-08-17 09:40:05,SPX,7777.03,7777.51,7785.0,505,242,0.0931,0.006198
2026-08-17 09:40:05,SPX,7777.03,7777.51,7765.0,213,142,0.0963,0.006198
2026-08-17 09:40:05,SPX,7777.03,7777.51,7790.0,623,167,0.0927,0.006198
2026-08-17 09:40:05,SPX,7777.03,7777.51,7760.0,443,337,0.0971,0.006198
2026-08-17 09:40:05,SPX,7777.03,7777.51,7795.0,170,153,0.0921,0.006198
2026-08-17 09:40:05,SPX,7777.03,7777.51,7755.0,173,729,0.0981,0.006198
2026-08-17 09:40:05,SPX,7777.03,7777.51,7800.0,2784,634,0.0917,0.006198
2026-08-17 09:40:05,SPX,7777.03,7777.51,7750.0,1184,723,0.0994,0.006198
2026-08-17 09:40:05,SPX,7777.03,7777.51,7805.0,393,117,0.0913,0.006198
2026-08-17 09:40:05,SPX,7777.03,7777.51,7745.0,306,1406,0.1005,0.006198
2026-08-17 09:40:05,SPX,7777.03,7777.51,7810.0,471,139,0.091,0.006198
2026-08-17 09:40:05,SPX,7777.03,7777.51,7740.0,228,355,0.1016,0.006198
2026-08-17 09:40:05,SPX,7777.03,7777.51,7815.0,265,123,0.0907,0.006198
2026-08-17 09:40:05,SPX,7777.03,7777.51,7735.0,96,302,0.1031,0.006198
2026-08-17 09:40:05,SPX,7777.03,7777.51,7820.0,411,42,0.0901,0.006198
2026-08-17 09:40:05,SPX,7777.03,7777.51,7730.0,120,297,0.1046,0.006198
2026-08-17 09:40:05,SPX,7777.03,7777.51,7825.0,506,26,0.0897,0.006198
2026-08-17 09:40:05,SPX,7777.03,7777.51,7725.0,3686,1893,0.1056,0.006198
2026-08-17 09:40:05,SPX,7777.03,7777.51,7830.0,887,22,0.0894,0.006198
2026-08-17 09:40:05,SPX,7777.03,7777.51,7720.0,52,2304,0.1073,0.006198
2026-08-17 09:40:05,SPX,7777.03,7777.51,7835.0,338,30,0.0893,0.006198
2026-08-17 09:40:05,SPX,7777.03,7777.51,7715.0,48,184,0.1085,0.006198
2026-08-17 09:40:05,SPX,7777.03,7777.51,7840.0,419,12,0.0894,0.006198
2026-08-17 09:40:05,SPX,7777.03,7777.51,7710.0,53,136,0.1099,0.006198
2026-08-17 09:40:05,SPX,7777.03,7777.51,7845.0,221,19,0.0895,0.006198
2026-08-17 09:40:05,SPX,7777.03,7777.51,7705.0,49,224,0.111,0.006198
2026-08-17 09:40:05,SPX,7777.03,7777.51,7850.0,829,17,0.0898,0.006198
2026-08-17 09:40:05,SPX,7777.03,7777.51,7700.0,640,873,0.113,0.006198
2026-08-17 09:40:05,SPX,7777.03,7777.51,7855.0,488,5,0.0901,0.006198
2026-08-17 09:40:05,SPX,7777.03,7777.51,7695.0,151,211,0.1148,0.006198
2026-08-17 09:40:05,SPX,7777.03,7777.51,7860.0,398,7,0.0903,0.006198
2026-08-17 09:40:05,SPX,7777.03,7777.51,7690.0,74,488,0.1167,0.006198
2026-08-17 09:40:05,SPX,7777.03,7777.51,7865.0,1034,4,0.0906,0.006198
2026-08-17 09:40:05,SPX,7777.03,7777.51,7685.0,24,154,0.1187,0.006198
2026-08-17 09:40:05,SPX,7777.03,7777.51,7870.0,1077,5,0.091,0.006198
2026-08-17 09:40:05,SPX,7777.03,7777.51,7680.0,46,343,0.1206,0.006198
2026-08-17 09:40:05,SPX,7777.03,7777.51,7875.0,1936,7,0.0916,0.006198
2026-08-17 09:40:05,SPX,7777.03,7777.51,7675.0,142,715,0.122,0.006198
2026-08-17 09:40:05,SPX,7777.03,7777.51,7880.0,1436,3,0.0922,0.006198
2026-08-17 09:40:05,SPX,7777.03,7777.51,7670.0,64,976,0.1231,0.006198
2026-08-17 09:40:05,SPX,7777.03,7777.51,7665.0,0,195,0.1243,0.006198
2026-08-17 09:40:05,SPX,7777.03,7777.51,7890.0,598,2,0.0941,0.006198
2026-08-17 09:40:05,SPX,7777.03,7777.51,7660.0,35,501,0.1261,0.006198
2026-08-17 09:40:05,SPX,7777.03,7777.51,7895.0,411,4,0.0953,0.006198
2026-08-17 09:40:05,SPX,7777.03,7777.51,7655.0,33,189,0.1286,0.006198
2026-08-17 09:40:05,SPX,7777.03,7777.51,7900.0,1237,6,0.0967,0.006198
